2.318344497680664062e+01,4.835451507568359375e+01,3.082041740417480469e+01,1.077525234222412109e+01,9.682558774948120117e-01,3.770484447479248047e+00,8.887739181518554688e+00,6.997920989990234375e+00,6.211293220520019531e+00,1.976005172729492188e+01,1.402043762207031250e+02,1.471531200408935547e+01,5.769171905517578125e+01,1.032730407714843750e+02,1.611897277832031250e+01,2.000000000000000000e+00
2.733317565917968750e+01,4.806985473632812500e+01,2.831408882141113281e+01,9.682808876037597656e+00,8.492615818977355957e-01,5.417610645294189453e+00,9.991397857666015625e+00,3.471220493316650391e+00,6.028108119964599609e+00,1.990388870239257812e+01,1.412947692871093750e+02,1.348746204376220703e+01,6.884022521972656250e+01,8.856269836425781250e+01,1.461881542205810547e+01,2.000000000000000000e+00
2.561715316772460938e+01,4.785884475708007812e+01,2.815488433837890625e+01,9.449996948242187500e+00,8.387930393218994141e-01,4.330851554870605469e+00,6.233613014221191406e+00,2.190624237060546875e+00,6.457246303558349609e+00,2.145792007446289062e+01,1.397368927001953125e+02,1.442730808258056641e+01,6.673645782470703125e+01,9.197769165039062500e+01,1.551107406616210938e+01,2.000000000000000000e+00
2.576140594482421875e+01,4.807266616821289062e+01,2.988007354736328125e+01,9.240915298461914062e+00,7.202396988868713379e-01,4.146019458770751953e+00,6.173854351043701172e+00,2.664088249206542969e+00,6.477031230926513672e+00,2.190912437438964844e+01,1.397891235351562500e+02,1.441592502593994141e+01,6.747680664062500000e+01,9.160431671142578125e+01,1.576696300506591797e+01,2.000000000000000000e+00
2.358721733093261719e+01,6.465575408935546875e+01,2.605025863647460938e+01,7.191118240356445312e+00,4.010836780071258545e-01,5.455597400665283203e+00,1.244765663146972656e+01,2.581746578216552734e+00,6.202353477478027344e+00,2.293403053283691406e+01,1.346354064941406250e+02,1.198664093017578125e+01,6.395542526245117188e+01,8.820889282226562500e+01,1.210856151580810547e+01,2.000000000000000000e+00
2.261465644836425781e+01,3.860220718383789062e+01,3.114967918395996094e+01,7.946389198303222656e+00,2.668122768402099609e+00,3.670459508895874023e+00,1.007808589935302734e+01,5.453889369964599609e+00,5.900757789611816406e+00,2.419808006286621094e+01,1.332220153808593750e+02,1.534020233154296875e+01,6.428721618652343750e+01,9.630014801025390625e+01,1.737781524658203125e+01,2.000000000000000000e+00
3.739600372314453125e+01,6.860158538818359375e+01,1.450906372070312500e+01,3.306133985519409180e+00,2.536185026168823242e+00,5.143049240112304688e+00,9.555376052856445312e+00,5.784224987030029297e+00,8.212692260742187500e+00,2.646324157714843750e+01,1.310184936523437500e+02,1.346374893188476562e+01,5.941471862792968750e+01,8.837108612060546875e+01,1.570059871673583984e+01,2.000000000000000000e+00
2.714280509948730469e+01,7.304248809814453125e+01,2.176408195495605469e+01,6.679766178131103516e+00,8.019972443580627441e-01,4.683242797851562500e+00,9.311977386474609375e+00,4.287680149078369141e+00,6.424763679504394531e+00,2.811820793151855469e+01,1.336420288085937500e+02,1.106951045989990234e+01,7.445813751220703125e+01,7.965620422363281250e+01,1.222154140472412109e+01,2.000000000000000000e+00
2.936633872985839844e+01,4.684573364257812500e+01,2.491823387145996094e+01,8.526183128356933594e+00,7.525261640548706055e-01,3.801041126251220703e+00,6.182069301605224609e+00,5.110542297363281250e+00,6.214201450347900391e+00,1.806693458557128906e+01,1.431624603271484375e+02,1.311790084838867188e+01,5.677000427246093750e+01,1.039659194946289062e+02,1.489458084106445312e+01,2.000000000000000000e+00
2.841388702392578125e+01,3.576103973388671875e+01,1.972173500061035156e+01,7.931873321533203125e+00,1.985908627510070801e+00,2.597128868103027344e+00,8.811021804809570312e+00,7.216598987579345703e+00,5.072124481201171875e+00,1.819582176208496094e+01,1.362387847900390625e+02,1.570836925506591797e+01,5.703509140014648438e+01,1.031647262573242188e+02,1.678758049011230469e+01,2.000000000000000000e+00
2.969073104858398438e+01,4.234124755859375000e+01,1.826889991760253906e+01,1.138346195220947266e+01,1.894439220428466797e+00,4.325052261352539062e+00,6.673838138580322266e+00,7.143902778625488281e+00,6.122920513153076172e+00,1.883833694458007812e+01,1.429796905517578125e+02,1.397312450408935547e+01,5.514018630981445312e+01,1.090527954101562500e+02,1.610993385314941406e+01,2.000000000000000000e+00
2.649150085449218750e+01,4.213318634033203125e+01,2.497068023681640625e+01,1.100116348266601562e+01,2.345554828643798828e+00,5.142240524291992188e+00,1.001209926605224609e+01,8.926600456237792969e+00,6.438298702239990234e+00,1.938073730468750000e+01,1.422028656005859375e+02,1.158135032653808594e+01,6.034846496582031250e+01,1.003795776367187500e+02,1.269600582122802734e+01,2.000000000000000000e+00
2.546918106079101562e+01,5.769541549682617188e+01,3.009407234191894531e+01,1.324963569641113281e+01,9.185428619384765625e-01,5.981525421142578125e+00,7.203487396240234375e+00,6.315240263938903809e-01,7.675477027893066406e+00,2.233955764770507812e+01,1.364072113037109375e+02,1.226061439514160156e+01,7.697241973876953125e+01,7.661251831054687500e+01,1.292014789581298828e+01,2.000000000000000000e+00
2.682900619506835938e+01,4.673213958740234375e+01,2.780160903930664062e+01,8.963224411010742188e+00,2.521867513656616211e+00,7.250307083129882812e+00,1.046869277954101562e+01,5.555790424346923828e+00,7.156787872314453125e+00,2.019681358337402344e+01,1.401844329833984375e+02,1.114334487915039062e+01,6.719366455078125000e+01,9.155690765380859375e+01,1.111691188812255859e+01,2.000000000000000000e+00
2.352173995971679688e+01,4.955163955688476562e+01,3.022999000549316406e+01,7.736229419708251953e+00,3.256148993968963623e-01,5.897357463836669922e+00,5.729946136474609375e+00,2.377336502075195312e+00,6.802802562713623047e+00,2.190157890319824219e+01,1.362115478515625000e+02,1.270811367034912109e+01,6.873023986816406250e+01,8.767538452148437500e+01,1.241419887542724609e+01,2.000000000000000000e+00
2.239486885070800781e+01,5.910953521728515625e+01,2.994398880004882812e+01,5.897836685180664062e+00,1.525806784629821777e+00,4.853823661804199219e+00,6.216270923614501953e+00,2.573860406875610352e+00,5.639494419097900391e+00,2.196373558044433594e+01,1.353369750976562500e+02,1.018420982360839844e+01,9.514958953857421875e+01,5.586422729492187500e+01,1.080334091186523438e+01,2.000000000000000000e+00
2.342936706542968750e+01,4.989728546142578125e+01,3.493217849731445312e+01,1.023169898986816406e+01,1.419320344924926758e+00,5.741110801696777344e+00,5.063200473785400391e+00,2.506054162979125977e+00,6.495259284973144531e+00,2.375524711608886719e+01,1.336342773437500000e+02,1.194028663635253906e+01,8.002742004394531250e+01,7.560098266601562500e+01,1.200062274932861328e+01,2.000000000000000000e+00
2.349889945983886719e+01,3.501334762573242188e+01,3.374674606323242188e+01,1.544765090942382812e+01,2.044420242309570312e+00,5.930205345153808594e+00,9.240381240844726562e+00,1.152240657806396484e+01,6.292471408843994141e+00,2.701366424560546875e+01,1.342981719970703125e+02,1.276512336730957031e+01,7.865281677246093750e+01,8.215785217285156250e+01,1.335539627075195312e+01,2.000000000000000000e+00
1.674732589721679688e+01,7.407676696777343750e+01,3.504898834228515625e+01,1.107780647277832031e+01,1.004990935325622559e+00,5.148918628692626953e+00,1.088751316070556641e+01,8.201574325561523438e+00,7.131340503692626953e+00,3.546136093139648438e+01,1.187455444335937500e+02,1.108505821228027344e+01,9.871926116943359375e+01,4.711599349975585938e+01,1.102678489685058594e+01,2.000000000000000000e+00
1.969668388366699219e+01,2.825493621826171875e+01,3.958262252807617188e+01,1.657436180114746094e+01,2.297066688537597656e+00,8.590210914611816406e+00,6.653386116027832031e+00,1.518914818763732910e+00,7.217449188232421875e+00,2.802149963378906250e+01,1.314696502685546875e+02,1.409069347381591797e+01,7.450244140625000000e+01,8.701107025146484375e+01,1.551808547973632812e+01,2.000000000000000000e+00
2.479650115966796875e+01,3.229690170288085938e+01,5.163849258422851562e+01,1.116823959350585938e+01,5.191302299499511719e+00,6.728867530822753906e+00,1.187163829803466797e+01,1.936184501647949219e+01,1.408029747009277344e+01,3.517695236206054688e+01,1.245181579589843750e+02,1.314968872070312500e+01,9.557927703857421875e+01,6.223050689697265625e+01,1.511156654357910156e+01,2.000000000000000000e+00
2.357222557067871094e+01,5.128326797485351562e+01,2.772002792358398438e+01,8.455460548400878906e+00,1.945888876914978027e+00,4.770690441131591797e+00,6.868274688720703125e+00,1.547976255416870117e+00,5.972320079803466797e+00,2.101955413818359375e+01,1.377278747558593750e+02,1.414457511901855469e+01,7.070517730712890625e+01,8.643534851074218750e+01,1.659688949584960938e+01,2.000000000000000000e+00
2.752757644653320312e+01,6.039123153686523438e+01,1.850210380554199219e+01,7.096601963043212891e+00,2.928207814693450928e-01,4.495653152465820312e+00,9.585907936096191406e+00,1.441714763641357422e+00,6.225087642669677734e+00,2.008830833435058594e+01,1.409656524658203125e+02,1.210352993011474609e+01,5.015098953247070312e+01,1.052118072509765625e+02,1.265239048004150391e+01,2.000000000000000000e+00
2.680418968200683594e+01,4.858668518066406250e+01,2.166453170776367188e+01,1.462578201293945312e+01,1.211135506629943848e+00,5.224955558776855469e+00,7.408802986145019531e+00,1.285534739494323730e+00,6.154592990875244141e+00,2.212850761413574219e+01,1.381293029785156250e+02,1.371629714965820312e+01,5.605978012084960938e+01,1.043767318725585938e+02,1.298222541809082031e+01,2.000000000000000000e+00
2.706792640686035156e+01,4.051938247680664062e+01,2.692270660400390625e+01,9.740327835083007812e+00,2.282559871673583984e+00,3.973770618438720703e+00,6.926180839538574219e+00,1.103088855743408203e+01,5.943575859069824219e+00,1.992135047912597656e+01,1.383168334960937500e+02,1.305995178222656250e+01,5.757302474975585938e+01,1.034132995605468750e+02,1.528527450561523438e+01,2.000000000000000000e+00
2.634781837463378906e+01,4.130414962768554688e+01,2.360338401794433594e+01,1.092656993865966797e+01,1.925768971443176270e+00,4.525626182556152344e+00,5.831244945526123047e+00,6.034175395965576172e+00,5.711395740509033203e+00,2.008428192138671875e+01,1.381994628906250000e+02,1.407428932189941406e+01,5.940271759033203125e+01,1.014090881347656250e+02,1.497316169738769531e+01,2.000000000000000000e+00
2.480352020263671875e+01,5.424339294433593750e+01,2.246091079711914062e+01,6.254127025604248047e+00,7.496539950370788574e-01,5.214167594909667969e+00,7.457505702972412109e+00,1.363175988197326660e+00,5.706273078918457031e+00,2.056329917907714844e+01,1.371047973632812500e+02,1.211839580535888672e+01,7.282646179199218750e+01,8.028358459472656250e+01,1.241721630096435547e+01,2.000000000000000000e+00
2.742493629455566406e+01,5.841808700561523438e+01,3.402026748657226562e+01,6.957147121429443359e+00,1.023906350135803223e+00,2.799188375473022461e+00,9.617316246032714844e+00,6.526879310607910156e+00,8.817526817321777344e+00,2.118114089965820312e+01,1.363563690185546875e+02,1.177228832244873047e+01,7.284679412841796875e+01,8.038179016113281250e+01,1.087861442565917969e+01,2.000000000000000000e+00
3.003208160400390625e+01,2.761705398559570312e+01,2.653539657592773438e+01,1.166361522674560547e+01,1.315862298011779785e+00,3.098398447036743164e+00,9.556676864624023438e+00,8.006327629089355469e+00,6.034039497375488281e+00,2.144133949279785156e+01,1.424390869140625000e+02,1.670885086059570312e+01,4.558009719848632812e+01,1.263981704711914062e+02,1.902293968200683594e+01,2.000000000000000000e+00
2.701692390441894531e+01,4.518097305297851562e+01,2.444037055969238281e+01,9.122753143310546875e+00,7.867977023124694824e-01,3.364163160324096680e+00,7.944764614105224609e+00,3.553445339202880859e+00,5.527791023254394531e+00,2.096973037719726562e+01,1.384436645507812500e+02,1.435884475708007812e+01,5.045975112915039062e+01,1.128650131225585938e+02,1.525801658630371094e+01,2.000000000000000000e+00
2.284854125976562500e+01,6.843312835693359375e+01,2.858359146118164062e+01,8.100756645202636719e+00,3.908727884292602539e+00,5.706715106964111328e+00,9.534471511840820312e+00,2.798630475997924805e+00,7.553532123565673828e+00,3.206906509399414062e+01,1.256333312988281250e+02,1.148536109924316406e+01,8.710069274902343750e+01,6.512513732910156250e+01,1.084018135070800781e+01,2.000000000000000000e+00
1.339712524414062500e+01,6.592593383789062500e+01,4.077558135986328125e+01,7.018187522888183594e+00,7.286974430084228516e+00,5.979072570800781250e+00,1.005507755279541016e+01,4.701299667358398438e+00,8.466094017028808594e+00,5.763506698608398438e+01,9.791149902343750000e+01,1.200283145904541016e+01,1.073808517456054688e+02,4.463172912597656250e+01,1.141780281066894531e+01,2.000000000000000000e+00
3.424650573730468750e+01,3.798263549804687500e+01,1.542141056060791016e+01,1.406013488769531250e+01,1.632745504379272461e+00,3.180064439773559570e+00,1.013565826416015625e+01,6.591656208038330078e+00,5.777913570404052734e+00,2.023846054077148438e+01,1.448020782470703125e+02,1.355467128753662109e+01,4.806991577148437500e+01,1.183563690185546875e+02,1.310361862182617188e+01,2.000000000000000000e+00
3.172542190551757812e+01,4.208256530761718750e+01,1.612182617187500000e+01,1.130504894256591797e+01,1.671470880508422852e+00,3.152288436889648438e+00,9.227566719055175781e+00,5.440958499908447266e+00,6.285960197448730469e+00,1.889984893798828125e+01,1.453441772460937500e+02,1.234737968444824219e+01,5.082387542724609375e+01,1.125361862182617188e+02,1.313976192474365234e+01,2.000000000000000000e+00
2.682252693176269531e+01,4.583954238891601562e+01,2.819267654418945312e+01,7.654570579528808594e+00,7.942318916320800781e-01,2.323641538619995117e+00,1.152023315429687500e+01,7.884428501129150391e+00,6.493440151214599609e+00,2.151729011535644531e+01,1.359857025146484375e+02,1.393198013305664062e+01,5.668362426757812500e+01,1.003830032348632812e+02,1.651752853393554688e+01,2.000000000000000000e+00
2.631550407409667969e+01,4.805699539184570312e+01,2.287184715270996094e+01,9.789473533630371094e+00,5.767092704772949219e-01,3.623098373413085938e+00,8.946248054504394531e+00,2.182975530624389648e+00,5.844182491302490234e+00,2.099346733093261719e+01,1.393572845458984375e+02,1.465313148498535156e+01,4.344357299804687500e+01,1.182675552368164062e+02,1.408943271636962891e+01,2.000000000000000000e+00
3.013740348815917969e+01,4.943855667114257812e+01,2.015942382812500000e+01,8.192092895507812500e+00,8.102647066116333008e-01,4.297540664672851562e+00,7.437758922576904297e+00,3.362839698791503906e+00,7.286462783813476562e+00,2.075715446472167969e+01,1.400848388671875000e+02,1.288447856903076172e+01,4.928846359252929688e+01,1.098762512207031250e+02,1.227183628082275391e+01,2.000000000000000000e+00
3.252517318725585938e+01,6.920290374755859375e+01,1.813037872314453125e+01,7.368895530700683594e+00,1.688813924789428711e+00,5.661328792572021484e+00,1.040001201629638672e+01,7.138268351554870605e-01,1.008417701721191406e+01,3.014279556274414062e+01,1.291400909423828125e+02,1.158875846862792969e+01,7.919436645507812500e+01,7.273025512695312500e+01,1.194284820556640625e+01,2.000000000000000000e+00
3.404946517944335938e+01,5.700733184814453125e+01,2.164995574951171875e+01,1.610536766052246094e+01,2.340680837631225586e+00,6.556211948394775391e+00,6.051710128784179688e+00,2.876224517822265625e+00,6.711268424987792969e+00,1.938885498046875000e+01,1.409399566650390625e+02,1.275434970855712891e+01,6.938153839111328125e+01,8.853332519531250000e+01,1.099635314941406250e+01,2.000000000000000000e+00
3.207826614379882812e+01,6.150955200195312500e+01,1.845307159423828125e+01,6.752042770385742188e+00,1.171306252479553223e+00,4.624283313751220703e+00,5.543356895446777344e+00,6.994482278823852539e-01,6.717585086822509766e+00,2.150035667419433594e+01,1.361124877929687500e+02,1.242836189270019531e+01,7.444793701171875000e+01,7.735342407226562500e+01,1.232626914978027344e+01,2.000000000000000000e+00
3.051021766662597656e+01,6.740906524658203125e+01,2.054566574096679688e+01,1.095596313476562500e+01,2.632562160491943359e+00,4.624427318572998047e+00,9.572688102722167969e+00,2.651809453964233398e+00,8.366870880126953125e+00,2.384760093688964844e+01,1.340548400878906250e+02,1.089023208618164062e+01,6.863577270507812500e+01,8.224385833740234375e+01,1.104375171661376953e+01,2.000000000000000000e+00
2.669029045104980469e+01,6.687373352050781250e+01,1.901581382751464844e+01,6.413323879241943359e+00,1.991907477378845215e+00,5.092288970947265625e+00,6.310544967651367188e+00,1.036707162857055664e+00,6.111935615539550781e+00,2.065014266967773438e+01,1.374962615966796875e+02,1.058245277404785156e+01,7.119374084472656250e+01,8.138798522949218750e+01,1.102030467987060547e+01,2.000000000000000000e+00
3.065191650390625000e+01,6.421418762207031250e+01,1.772648239135742188e+01,6.230659008026123047e+00,6.256894469261169434e-01,4.685095310211181641e+00,6.803413391113281250e+00,2.077504634857177734e+00,6.870494842529296875e+00,2.385092735290527344e+01,1.354548645019531250e+02,1.204397678375244141e+01,7.241616821289062500e+01,8.204029083251953125e+01,1.204219913482666016e+01,2.000000000000000000e+00
3.205383300781250000e+01,5.890425491333007812e+01,2.273926162719726562e+01,1.110031890869140625e+01,2.572719573974609375e+00,3.346012115478515625e+00,1.119097900390625000e+01,4.887532234191894531e+00,8.993346214294433594e+00,2.509716987609863281e+01,1.367957153320312500e+02,1.115347766876220703e+01,7.130059051513671875e+01,8.534228515625000000e+01,1.072592353820800781e+01,2.000000000000000000e+00
3.391489410400390625e+01,5.749827957153320312e+01,2.598367500305175781e+01,1.493438911437988281e+01,5.221808910369873047e+00,8.541514396667480469e+00,1.758846664428710938e+01,1.161061668395996094e+01,9.953863143920898438e+00,2.579426956176757812e+01,1.353248443603515625e+02,1.137163925170898438e+01,8.250656890869140625e+01,7.247875213623046875e+01,1.074698162078857422e+01,2.000000000000000000e+00
2.913382148742675781e+01,5.867415618896484375e+01,2.308288955688476562e+01,1.103375434875488281e+01,5.011955738067626953e+00,4.218065738677978516e+00,9.199980735778808594e+00,4.122297286987304688e+00,6.041817188262939453e+00,2.267248344421386719e+01,1.383630371093750000e+02,1.157717037200927734e+01,8.770858001708984375e+01,6.843965911865234375e+01,1.078289890289306641e+01,2.000000000000000000e+00
3.068407630920410156e+01,5.342117691040039062e+01,2.629438781738281250e+01,1.990201759338378906e+01,2.044645881652832031e+01,3.170632171630859375e+01,1.065862178802490234e+01,5.866910934448242188e+00,6.178695201873779297e+00,2.253620147705078125e+01,1.404868927001953125e+02,1.122501087188720703e+01,8.624658966064453125e+01,7.401426696777343750e+01,1.026588344573974609e+01,2.000000000000000000e+00
1.888229751586914062e+01,4.864371109008789062e+01,5.376331329345703125e+01,9.936091423034667969e+00,2.193434953689575195e+00,2.795239686965942383e+00,1.042742729187011719e+01,3.136980056762695312e+00,7.137680053710937500e+00,4.377084350585937500e+01,1.103590011596679688e+02,9.851621627807617188e+00,1.042553558349609375e+02,4.651956176757812500e+01,1.314268779754638672e+01,2.000000000000000000e+00
4.875824737548828125e+01,4.797939300537109375e+01,7.997286319732666016e+00,3.983904600143432617e+00,1.820731282234191895e+00,3.837695360183715820e+00,5.583755016326904297e+00,7.732079029083251953e+00,7.713582992553710938e+00,2.535260963439941406e+01,1.330840454101562500e+02,1.570420932769775391e+01,4.265882110595703125e+01,1.100720825195312500e+02,1.953460121154785156e+01,2.000000000000000000e+00
2.459883689880371094e+01,5.439971542358398438e+01,2.152251243591308594e+01,7.026406288146972656e+00,1.276023983955383301e+00,6.291695117950439453e+00,1.475542354583740234e+01,6.128554821014404297e+00,1.170505523681640625e+01,1.117266082763671875e+02,5.302098083496093750e+01,1.362260437011718750e+01,1.245575942993164062e+02,4.321649932861328125e+01,1.129850006103515625e+01,2.000000000000000000e+00
3.140832901000976562e+01,5.277280807495117188e+01,1.980837059020996094e+01,2.746214485168457031e+01,8.842036247253417969e+00,1.180004501342773438e+01,1.819592285156250000e+01,5.333471775054931641e+00,1.101657581329345703e+01,1.170894546508789062e+02,5.031571197509765625e+01,1.447428417205810547e+01,1.339718933105468750e+02,3.999256896972656250e+01,1.082152748107910156e+01,2.000000000000000000e+00
3.073041725158691406e+01,4.534887695312500000e+01,2.065071105957031250e+01,1.068203163146972656e+01,1.763755559921264648e+00,5.089715480804443359e+00,8.558207511901855469e+00,3.535703182220458984e+00,8.073906898498535156e+00,6.051700592041015625e+01,1.016095428466796875e+02,1.563663768768310547e+01,5.441460037231445312e+01,1.131090698242187500e+02,1.054204273223876953e+01,2.000000000000000000e+00
2.911625480651855469e+01,5.321762466430664062e+01,6.266946792602539062e+00,1.108125400543212891e+01,1.206725001335144043e+00,6.586340904235839844e+00,1.233326339721679688e+01,6.573432445526123047e+00,1.042877960205078125e+01,6.035751342773437500e+01,1.016931381225585938e+02,1.589953136444091797e+01,4.767874908447265625e+01,1.191466445922851562e+02,1.146596527099609375e+01,2.000000000000000000e+00
3.812882614135742188e+01,4.820666122436523438e+01,1.266439819335937500e+01,1.188816165924072266e+01,2.773073196411132812e+00,7.039458751678466797e+00,8.759056091308593750e+00,5.232693195343017578e+00,8.952041625976562500e+00,7.185380554199218750e+01,9.143305969238281250e+01,1.557963657379150391e+01,6.645536804199218750e+01,1.018478775024414062e+02,1.105971145629882812e+01,2.000000000000000000e+00
3.468647766113281250e+01,4.685453796386718750e+01,1.036725139617919922e+01,9.124130249023437500e+00,1.195035338401794434e+00,7.089781761169433594e+00,7.427332401275634766e+00,4.399547576904296875e+00,8.727057456970214844e+00,4.569702911376953125e+01,1.152264862060546875e+02,1.573040676116943359e+01,4.916276168823242188e+01,1.145063018798828125e+02,1.214699649810791016e+01,2.000000000000000000e+00
3.243920516967773438e+01,5.456459045410156250e+01,8.461357116699218750e+00,6.769895553588867188e+00,7.864447236061096191e-01,5.169813156127929688e+00,1.416116428375244141e+01,5.434047698974609375e+00,8.319668769836425781e+00,4.523549270629882812e+01,1.180900497436523438e+02,1.641414833068847656e+01,3.536140823364257812e+01,1.254790344238281250e+02,1.418421077728271484e+01,2.000000000000000000e+00
2.408839988708496094e+01,7.228122711181640625e+01,4.481555938720703125e+00,3.512760639190673828e+00,2.795643806457519531e+00,6.736147403717041016e+00,2.686026573181152344e+01,1.112964344024658203e+01,1.020142650604248047e+01,8.252664947509765625e+01,8.178347015380859375e+01,1.742484855651855469e+01,7.541613769531250000e+01,8.658132934570312500e+01,1.490274810791015625e+01,2.000000000000000000e+00
2.995855903625488281e+01,4.949025726318359375e+01,8.098498344421386719e+00,9.364139556884765625e+00,2.174414396286010742e+00,5.684715747833251953e+00,8.807129859924316406e+00,4.831537723541259766e+00,8.332150459289550781e+00,5.057614135742187500e+01,1.121688461303710938e+02,1.685767936706542969e+01,3.988130187988281250e+01,1.244928741455078125e+02,1.272741413116455078e+01,2.000000000000000000e+00
2.701531791687011719e+01,3.570341110229492188e+01,1.781680870056152344e+01,1.378362464904785156e+01,2.964941740036010742e+00,3.706990718841552734e+00,1.023885631561279297e+01,2.183202266693115234e+00,5.963629245758056641e+00,2.406680679321289062e+01,1.421055450439453125e+02,1.511930370330810547e+01,2.299720191955566406e+01,1.297754669189453125e+02,1.790667152404785156e+01,2.000000000000000000e+00
3.324205398559570312e+01,4.595259475708007812e+01,1.686905860900878906e+01,1.109320449829101562e+01,4.108399450778961182e-01,4.675661087036132812e+00,8.153416633605957031e+00,9.797831177711486816e-01,7.139499187469482422e+00,2.638078498840332031e+01,1.400510864257812500e+02,1.489242839813232422e+01,2.273419380187988281e+01,1.458670043945312500e+02,1.122096729278564453e+01,2.000000000000000000e+00
3.110287475585937500e+01,4.971561431884765625e+01,1.373409652709960938e+01,1.132325649261474609e+01,2.397244215011596680e+00,6.548345565795898438e+00,7.616866588592529297e+00,2.816464900970458984e+00,8.213955879211425781e+00,4.022780990600585938e+01,1.229745635986328125e+02,1.629471969604492188e+01,4.036771774291992188e+01,1.249332733154296875e+02,1.292428302764892578e+01,2.000000000000000000e+00
3.932421112060546875e+01,4.462910079956054688e+01,1.019281959533691406e+01,9.097148895263671875e+00,4.910480678081512451e-01,4.576020717620849609e+00,8.691833496093750000e+00,1.985199570655822754e+00,7.023552894592285156e+00,2.962815856933593750e+01,1.362390289306640625e+02,1.415273380279541016e+01,2.042975425720214844e+01,1.492496490478515625e+02,1.004705524444580078e+01,2.000000000000000000e+00
3.179417610168457031e+01,5.364625549316406250e+01,2.537839889526367188e+01,1.089489746093750000e+01,1.593660593032836914e+00,5.288443088531494141e+00,9.376130104064941406e+00,2.142723560333251953e+00,7.437040805816650391e+00,3.946148300170898438e+01,1.230703353881835938e+02,1.487471866607666016e+01,3.808572387695312500e+01,1.240046920776367188e+02,1.011258888244628906e+01,2.000000000000000000e+00
2.508732032775878906e+01,5.538327026367187500e+01,1.499384593963623047e+01,9.808239936828613281e+00,1.545231223106384277e+00,6.570844650268554688e+00,1.036358261108398438e+01,4.817890644073486328e+00,9.886592864990234375e+00,5.628114318847656250e+01,1.026851730346679688e+02,1.506025695800781250e+01,5.712919616699218750e+01,1.033933258056640625e+02,1.080379295349121094e+01,2.000000000000000000e+00
3.192329978942871094e+01,5.490491485595703125e+01,1.837912559509277344e+01,7.463620185852050781e+00,9.135047197341918945e-01,5.008698940277099609e+00,6.090648651123046875e+00,2.598447561264038086e+00,7.182092189788818359e+00,3.295196151733398438e+01,1.270533599853515625e+02,1.510056209564208984e+01,3.821287155151367188e+01,1.206632995605468750e+02,1.140847492218017578e+01,2.000000000000000000e+00
2.936827659606933594e+01,5.689790725708007812e+01,2.294898605346679688e+01,1.257213592529296875e+01,1.181703686714172363e+00,5.197036266326904297e+00,1.428400325775146484e+01,7.289072036743164062e+00,1.071845149993896484e+01,4.265193939208984375e+01,1.200330429077148438e+02,1.471160030364990234e+01,5.288763427734375000e+01,1.098554153442382812e+02,1.159089946746826172e+01,2.000000000000000000e+00
2.912444305419921875e+01,5.542943191528320312e+01,1.929323005676269531e+01,1.105011749267578125e+01,1.601472854614257812e+00,5.047715663909912109e+00,9.157341003417968750e+00,2.124742269515991211e+00,7.633867740631103516e+00,3.544570159912109375e+01,1.258335647583007812e+02,1.504945373535156250e+01,4.235361099243164062e+01,1.192582855224609375e+02,1.193325328826904297e+01,2.000000000000000000e+00
3.042523574829101562e+01,5.550074768066406250e+01,1.684113502502441406e+01,9.509746551513671875e+00,1.758667826652526855e+00,4.814497470855712891e+00,9.433531761169433594e+00,1.258748173713684082e+00,7.859452724456787109e+00,3.481468963623046875e+01,1.265455169677734375e+02,1.371888828277587891e+01,4.364582824707031250e+01,1.149658584594726562e+02,1.168055438995361328e+01,2.000000000000000000e+00
2.921314048767089844e+01,5.192900085449218750e+01,2.522104072570800781e+01,1.107368564605712891e+01,1.208932280540466309e+00,3.987324953079223633e+00,9.086672782897949219e+00,2.135341882705688477e+00,6.323697566986083984e+00,2.585529136657714844e+01,1.375951538085937500e+02,1.484811973571777344e+01,2.633208274841308594e+01,1.361485900878906250e+02,1.235531139373779297e+01,2.000000000000000000e+00
3.182581520080566406e+01,5.362827301025390625e+01,1.570521450042724609e+01,7.273145198822021484e+00,5.779514908790588379e-01,4.911431789398193359e+00,9.870468139648437500e+00,2.689448118209838867e+00,7.318316459655761719e+00,3.290055847167968750e+01,1.290708923339843750e+02,1.432917213439941406e+01,3.150289344787597656e+01,1.281096191406250000e+02,1.219058895111083984e+01,2.000000000000000000e+00
2.236644363403320312e+01,5.516798400878906250e+01,2.342768859863281250e+01,1.186785316467285156e+01,1.708753347396850586e+00,5.902781963348388672e+00,6.324169158935546875e+00,4.609552383422851562e+00,6.439997196197509766e+00,4.164506530761718750e+01,1.165454483032226562e+02,1.342667484283447266e+01,4.771599578857421875e+01,1.068301086425781250e+02,1.013846015930175781e+01,2.000000000000000000e+00
2.991658020019531250e+01,6.035770416259765625e+01,1.648064422607421875e+01,8.636410713195800781e+00,5.014464259147644043e-01,6.017757415771484375e+00,5.975364208221435547e+00,3.791359901428222656e+00,8.100424766540527344e+00,3.718998336791992188e+01,1.215776672363281250e+02,1.506466484069824219e+01,4.302581405639648438e+01,1.139245452880859375e+02,1.359616470336914062e+01,2.000000000000000000e+00
2.901754951477050781e+01,5.969587707519531250e+01,2.244175148010253906e+01,7.629126071929931641e+00,9.168841242790222168e-01,5.585554599761962891e+00,6.151909351348876953e+00,2.904677152633666992e+00,7.599975585937500000e+00,3.385085678100585938e+01,1.253554306030273438e+02,1.473342132568359375e+01,4.229489898681640625e+01,1.149035873413085938e+02,1.224812316894531250e+01,2.000000000000000000e+00
2.876924324035644531e+01,6.062648010253906250e+01,1.993062400817871094e+01,8.353176116943359375e+00,1.171285986900329590e+00,4.933441162109375000e+00,7.583329200744628906e+00,3.332647800445556641e+00,6.890708446502685547e+00,3.286911010742187500e+01,1.272495422363281250e+02,1.363434886932373047e+01,3.963432693481445312e+01,1.177011337280273438e+02,1.121286582946777344e+01,2.000000000000000000e+00
2.876487731933593750e+01,5.807553482055664062e+01,2.239270210266113281e+01,1.064576435089111328e+01,2.357208251953125000e+00,4.027024269104003906e+00,1.796176719665527344e+01,9.475037574768066406e+00,1.810657501220703125e+01,4.190675735473632812e+01,1.206227493286132812e+02,1.287052059173583984e+01,5.569723510742187500e+01,1.025868301391601562e+02,1.228040122985839844e+01,2.000000000000000000e+00
2.653259277343750000e+01,5.532926940917968750e+01,2.256250381469726562e+01,1.274129295349121094e+01,1.569678306579589844e+00,4.571105480194091797e+00,7.991537094116210938e+00,4.882011413574218750e+00,6.733986854553222656e+00,4.764612197875976562e+01,1.136649475097656250e+02,1.506516933441162109e+01,6.285308456420898438e+01,1.005467376708984375e+02,1.199623203277587891e+01,2.000000000000000000e+00
2.310152816772460938e+01,6.941459655761718750e+01,2.644983100891113281e+01,7.603027343750000000e+00,7.422168254852294922e-01,4.123396873474121094e+00,8.519689559936523438e+00,2.213316202163696289e+00,6.609218597412109375e+00,3.742479705810546875e+01,1.198691482543945312e+02,1.510171413421630859e+01,4.894175338745117188e+01,1.085292434692382812e+02,1.226334095001220703e+01,2.000000000000000000e+00
2.075847434997558594e+01,4.583353805541992188e+01,4.605592346191406250e+01,8.623807907104492188e+00,9.620486497879028320e-01,3.833884239196777344e+00,1.096716976165771484e+01,7.023520469665527344e+00,7.928394794464111328e+00,2.980803489685058594e+01,1.289616394042968750e+02,1.278330326080322266e+01,4.444156646728515625e+01,1.112142944335937500e+02,1.185379123687744141e+01,2.000000000000000000e+00
3.542354583740234375e+01,7.324378967285156250e+01,1.840927505493164062e+01,6.423071384429931641e+00,2.713313817977905273e+00,3.228744745254516602e+00,7.706040382385253906e+00,2.314229011535644531e+00,5.728353977203369141e+00,2.000626373291015625e+01,1.379991455078125000e+02,1.054119300842285156e+01,8.321383666992187500e+01,6.718994903564453125e+01,1.007608127593994141e+01,2.000000000000000000e+00
3.088810348510742188e+01,7.190966033935546875e+01,2.625847816467285156e+01,8.602341651916503906e+00,7.475185990333557129e-01,2.758587598800659180e+00,1.061268138885498047e+01,1.637528300285339355e+00,7.841840267181396484e+00,2.398792076110839844e+01,1.395374603271484375e+02,1.148634433746337891e+01,5.835950851440429688e+01,9.762813568115234375e+01,1.148370075225830078e+01,2.000000000000000000e+00
2.712128067016601562e+01,4.035780334472656250e+01,2.244276809692382812e+01,1.203389167785644531e+01,2.807394504547119141e+00,2.845787048339843750e+00,9.688818931579589844e+00,6.646178245544433594e+00,5.481267452239990234e+00,1.781798362731933594e+01,1.414008483886718750e+02,1.381983280181884766e+01,4.495174026489257812e+01,1.173722991943359375e+02,1.380916595458984375e+01,2.000000000000000000e+00
2.494287490844726562e+01,8.765837097167968750e+01,1.616318321228027344e+01,3.782586574554443359e+00,5.153246879577636719e+00,5.376741886138916016e+00,1.045882034301757812e+01,7.002001762390136719e+00,8.270737648010253906e+00,3.625492858886718750e+01,1.211728057861328125e+02,1.021311569213867188e+01,8.355756378173828125e+01,6.317337799072265625e+01,1.226392555236816406e+01,2.000000000000000000e+00
2.491902351379394531e+01,5.533768463134765625e+01,2.747287559509277344e+01,1.153162193298339844e+01,5.122939944267272949e-01,4.762132167816162109e+00,6.635451793670654297e+00,4.579251110553741455e-01,5.694412708282470703e+00,1.949867439270019531e+01,1.428573608398437500e+02,1.320390701293945312e+01,5.092341232299804688e+01,1.120213928222656250e+02,1.251828193664550781e+01,2.000000000000000000e+00
2.178946685791015625e+01,4.945338058471679688e+01,3.576325225830078125e+01,8.323304176330566406e+00,1.601097822189331055e+00,4.100032806396484375e+00,1.322990226745605469e+01,2.726049423217773438e+00,5.306461811065673828e+00,2.457665061950683594e+01,1.308456115722656250e+02,1.374648189544677734e+01,5.296534729003906250e+01,8.943450164794921875e+01,1.227973651885986328e+01,2.000000000000000000e+00
2.652265930175781250e+01,4.146518325805664062e+01,2.440346717834472656e+01,1.402238178253173828e+01,2.528729200363159180e+00,3.471552848815917969e+00,9.522726058959960938e+00,7.766773700714111328e+00,5.119096755981445312e+00,1.606623268127441406e+01,1.400747375488281250e+02,1.338449382781982422e+01,4.461626434326171875e+01,1.108856811523437500e+02,1.510686683654785156e+01,2.000000000000000000e+00
3.308633041381835938e+01,7.830907440185546875e+01,1.218851852416992188e+01,3.525185585021972656e+00,1.233596920967102051e+00,4.880549430847167969e+00,5.745905876159667969e+00,5.122825145721435547e+00,4.447469711303710938e+00,1.869922637939453125e+01,1.373870849609375000e+02,1.020592784881591797e+01,7.039657592773437500e+01,7.411576080322265625e+01,1.081653594970703125e+01,2.000000000000000000e+00
3.158079719543457031e+01,5.206079864501953125e+01,1.927535438537597656e+01,1.141571140289306641e+01,2.561461448669433594e+00,3.788981437683105469e+00,7.499536991119384766e+00,4.393093109130859375e+00,5.321588516235351562e+00,1.509945583343505859e+01,1.478370056152343750e+02,1.127999591827392578e+01,3.285046386718750000e+01,1.296736907958984375e+02,9.853412628173828125e+00,2.000000000000000000e+00
2.020763587951660156e+01,6.116735076904296875e+01,4.120718765258789062e+01,1.864319610595703125e+01,4.858893394470214844e+00,6.079975605010986328e+00,5.263122081756591797e+00,5.499567031860351562e+00,4.608644962310791016e+00,1.663996505737304688e+01,1.369961853027343750e+02,1.060114765167236328e+01,9.656716156005859375e+01,5.263584899902343750e+01,9.312092781066894531e+00,2.000000000000000000e+00
2.087714767456054688e+01,7.271179199218750000e+01,3.431138610839843750e+01,7.884498596191406250e+00,1.921211838722229004e+00,5.216563701629638672e+00,3.196684598922729492e+00,5.557390213012695312e+00,5.022740364074707031e+00,1.734944152832031250e+01,1.361168975830078125e+02,1.062207698822021484e+01,1.008866882324218750e+02,4.511552047729492188e+01,9.695396423339843750e+00,2.000000000000000000e+00
2.346084594726562500e+01,8.102814483642578125e+01,2.411367034912109375e+01,9.961922645568847656e+00,4.109287738800048828e+00,6.971698760986328125e+00,3.590885162353515625e+00,4.746594905853271484e+00,6.116681575775146484e+00,1.753565025329589844e+01,1.363177490234375000e+02,1.188563251495361328e+01,1.072425003051757812e+02,4.120421218872070312e+01,1.094641780853271484e+01,2.000000000000000000e+00
2.814207649230957031e+01,8.515279388427734375e+01,1.709757614135742188e+01,9.699097633361816406e+00,5.366940498352050781e+00,6.178631305694580078e+00,4.421051979064941406e+00,4.014694213867187500e+00,6.464372158050537109e+00,2.104194831848144531e+01,1.323498535156250000e+02,1.194524288177490234e+01,1.074185714721679688e+02,3.891814804077148438e+01,1.013178539276123047e+01,2.000000000000000000e+00
3.124605560302734375e+01,8.504835510253906250e+01,1.831516075134277344e+01,9.237236022949218750e+00,4.089187622070312500e+00,5.108085632324218750e+00,6.546026229858398438e+00,3.664410352706909180e+00,6.194701671600341797e+00,2.002316474914550781e+01,1.326783447265625000e+02,1.157980537414550781e+01,9.952312469482421875e+01,4.655388641357421875e+01,8.948332786560058594e+00,2.000000000000000000e+00
2.961701774597167969e+01,8.592599487304687500e+01,1.637971496582031250e+01,7.763973712921142578e+00,5.023662090301513672e+00,6.027787685394287109e+00,4.532002925872802734e+00,3.201498031616210938e+00,6.353483200073242188e+00,2.030587959289550781e+01,1.325083007812500000e+02,1.198118400573730469e+01,1.044631042480468750e+02,4.210197067260742188e+01,9.818608283996582031e+00,2.000000000000000000e+00
2.530250930786132812e+01,7.362770080566406250e+01,1.959330749511718750e+01,5.806426525115966797e+00,1.523716092109680176e+00,5.764285564422607422e+00,8.496397018432617188e+00,1.570096135139465332e+00,4.731966495513916016e+00,1.644879722595214844e+01,1.361678314208984375e+02,1.188506603240966797e+01,9.265200805664062500e+01,5.143651580810546875e+01,1.268909454345703125e+01,2.000000000000000000e+00
2.131230735778808594e+01,9.171800231933593750e+01,1.909283638000488281e+01,5.454096794128417969e+00,7.768933176994323730e-01,5.298590660095214844e+00,1.103488254547119141e+01,4.449131488800048828e+00,5.856921672821044922e+00,2.179451751708984375e+01,1.337983245849609375e+02,1.018586921691894531e+01,8.922212982177734375e+01,5.577591705322265625e+01,1.169660091400146484e+01,2.000000000000000000e+00
2.329724502563476562e+01,5.486481857299804688e+01,3.896274948120117188e+01,9.302667617797851562e+00,1.028663277626037598e+00,4.365340709686279297e+00,9.623682022094726562e+00,7.311362743377685547e+00,9.467658042907714844e+00,3.196609115600585938e+01,1.274519729614257812e+02,1.208869075775146484e+01,7.563086700439453125e+01,8.271345520019531250e+01,1.029964637756347656e+01,2.000000000000000000e+00
3.944932174682617188e+01,7.192690277099609375e+01,1.433216190338134766e+01,5.809609889984130859e+00,1.197212576866149902e+00,4.042764663696289062e+00,8.139190673828125000e+00,9.442538261413574219e+00,6.797404289245605469e+00,2.141394615173339844e+01,1.405603790283203125e+02,1.179971504211425781e+01,3.796992111206054688e+01,1.156875610351562500e+02,1.277140140533447266e+01,2.000000000000000000e+00
2.470114517211914062e+01,7.024431610107421875e+01,2.722876548767089844e+01,1.537020397186279297e+01,4.757694721221923828e+00,5.411552429199218750e+00,8.844546318054199219e+00,8.290298461914062500e+00,8.749603271484375000e+00,2.032493972778320312e+01,1.377401275634765625e+02,1.119624614715576172e+01,6.347428131103515625e+01,8.957238769531250000e+01,1.025252246856689453e+01,2.000000000000000000e+00
1.433591270446777344e+01,1.663982200622558594e+01,6.410898590087890625e+01,8.189763069152832031e+00,5.759114742279052734e+00,5.426632404327392578e+00,8.721092224121093750e+00,2.008416175842285156e+01,1.283409023284912109e+01,3.984297561645507812e+01,1.060627441406250000e+02,1.459075927734375000e+01,8.901178741455078125e+01,4.931650924682617188e+01,1.555946731567382812e+01,2.000000000000000000e+00
1.155445098876953125e+01,2.173957443237304688e+01,1.810013961791992188e+01,6.688730239868164062e+00,5.910757064819335938e+00,3.051468133926391602e+00,7.995907306671142578e+00,8.323679924011230469e+00,8.211765289306640625e+00,6.862570190429687500e+01,5.655818939208984375e+01,1.230397510528564453e+01,8.548525238037109375e+01,2.705816078186035156e+01,1.041074657440185547e+01,2.000000000000000000e+00
